"Name","Link"
"Shankaracharya Hill","https://www.tripadvisor.com/Attraction_Review-g297623-d338348-Reviews-Shankaracharya_Hill-Srinagar_Srinagar_District_Kashmir_Jammu_and_Kashmir.html"
"Indira Gandhi Tulip Garden","https://www.tripadvisor.com/Attraction_Review-g297623-d1220203-Reviews-Indira_Gandhi_Tulip_Garden-Srinagar_Srinagar_District_Kashmir_Jammu_and_Kashmir.html"
"Dal Lake","https://www.tripadvisor.com/Attraction_Review-g297623-d2437492-Reviews-Dal_Lake-Srinagar_Srinagar_District_Kashmir_Jammu_and_Kashmir.html"
"Sinthan Top","https://www.tripadvisor.com/Attraction_Review-g297623-d3211545-Reviews-Sinthan_Top-Srinagar_Srinagar_District_Kashmir_Jammu_and_Kashmir.html"
"Nigeen Lake","https://www.tripadvisor.com/Attraction_Review-g297623-d338344-Reviews-Nigeen_Lake-Srinagar_Srinagar_District_Kashmir_Jammu_and_Kashmir.html"
"Sonamarg","https://www.tripadvisor.com/Attraction_Review-g297623-d4068779-Reviews-Sonamarg-Srinagar_Srinagar_District_Kashmir_Jammu_and_Kashmir.html"
"Nishat Garden","https://www.tripadvisor.com/Attraction_Review-g297623-d1228761-Reviews-Nishat_Garden-Srinagar_Srinagar_District_Kashmir_Jammu_and_Kashmir.html"
"Doodhpathri","https://www.tripadvisor.com/Attraction_Review-g297623-d10496373-Reviews-Doodhpathri-Srinagar_Srinagar_District_Kashmir_Jammu_and_Kashmir.html"
"Pari Mahal","https://www.tripadvisor.com/Attraction_Review-g297623-d2085964-Reviews-Pari_Mahal-Srinagar_Srinagar_District_Kashmir_Jammu_and_Kashmir.html"
"Kheer Bhawani Temple","https://www.tripadvisor.com/Attraction_Review-g297623-d3531987-Reviews-Kheer_Bhawani_Temple-Srinagar_Srinagar_District_Kashmir_Jammu_and_Kashmir.html"
"Mughal Gardens","https://www.tripadvisor.com/Attraction_Review-g297623-d338343-Reviews-Mughal_Gardens-Srinagar_Srinagar_District_Kashmir_Jammu_and_Kashmir.html"
"Yousmarg","https://www.tripadvisor.com/Attraction_Review-g297623-d1229613-Reviews-Yousmarg-Srinagar_Srinagar_District_Kashmir_Jammu_and_Kashmir.html"
"Hazratbal Masjid","https://www.tripadvisor.com/Attraction_Review-g297623-d338346-Reviews-Hazratbal_Masjid-Srinagar_Srinagar_District_Kashmir_Jammu_and_Kashmir.html"
"Shalimar Bagh","https://www.tripadvisor.com/Attraction_Review-g297623-d2151516-Reviews-Shalimar_Bagh-Srinagar_Srinagar_District_Kashmir_Jammu_and_Kashmir.html"
"Badamwari Garden","https://www.tripadvisor.com/Attraction_Review-g297623-d4310693-Reviews-Badamwari_Garden-Srinagar_Srinagar_District_Kashmir_Jammu_and_Kashmir.html"
"Jamia Masjid Srinagar","https://www.tripadvisor.com/Attraction_Review-g297623-d1204551-Reviews-Jamia_Masjid_Srinagar-Srinagar_Srinagar_District_Kashmir_Jammu_and_Kashmir.html"
"Shah E Hamdan R.H Mosque","https://www.tripadvisor.com/Attraction_Review-g297623-d501151-Reviews-Shah_E_Hamdan_R_H_Mosque-Srinagar_Srinagar_District_Kashmir_Jammu_and_Kashmir.html"
"Chashme Shahi Gardens","https://www.tripadvisor.com/Attraction_Review-g297623-d3149376-Reviews-Chashme_Shahi_Gardens-Srinagar_Srinagar_District_Kashmir_Jammu_and_Kashmir.html"
"Jawaharlal Nehru Memorial Botanical Gardens","https://www.tripadvisor.com/Attraction_Review-g297623-d3803786-Reviews-Jawaharlal_Nehru_Memorial_Botanical_Gardens-Srinagar_Srinagar_District_Kashmir_Ja.html"
"Kashmir Travelogue","https://www.tripadvisor.com/Attraction_Review-g297623-d27423050-Reviews-Kashmir_Travelogue-Srinagar_Srinagar_District_Kashmir_Jammu_and_Kashmir.html"
"Kashmir Travelogue","https://www.tripadvisor.com/Attraction_Review-g297623-d27423194-Reviews-Kashmir_Travelogue-Srinagar_Srinagar_District_Kashmir_Jammu_and_Kashmir.html"
"Kashmir Travelogue","https://www.tripadvisor.com/Attraction_Review-g297623-d27423242-Reviews-Kashmir_Travelogue-Srinagar_Srinagar_District_Kashmir_Jammu_and_Kashmir.html"
"Chatti Padshahi Gurudwara","https://www.tripadvisor.com/Attraction_Review-g297623-d3149563-Reviews-Chatti_Padshahi_Gurudwara-Srinagar_Srinagar_District_Kashmir_Jammu_and_Kashmir.html"
"Manasbal Lake","https://www.tripadvisor.com/Attraction_Review-g297623-d338345-Reviews-Manasbal_Lake-Srinagar_Srinagar_District_Kashmir_Jammu_and_Kashmir.html"
"Wular Lake","https://www.tripadvisor.com/Attraction_Review-g297623-d338342-Reviews-Wular_Lake-Srinagar_Srinagar_District_Kashmir_Jammu_and_Kashmir.html"
"Floating Vegetable Market","https://www.tripadvisor.com/Attraction_Review-g297623-d12911328-Reviews-Floating_Vegetable_Market-Srinagar_Srinagar_District_Kashmir_Jammu_and_Kashmir.html"
"Mugal Road - Jammu to Srinagar","https://www.tripadvisor.com/Attraction_Review-g297623-d4362773-Reviews-Mugal_Road_Jammu_to_Srinagar-Srinagar_Srinagar_District_Kashmir_Jammu_and_Kashmir.html"
"Achabal Garden","https://www.tripadvisor.com/Attraction_Review-g297623-d4435342-Reviews-Achabal_Garden-Srinagar_Srinagar_District_Kashmir_Jammu_and_Kashmir.html"
"Nasim Bagh","https://www.tripadvisor.com/Attraction_Review-g297623-d3912910-Reviews-Nasim_Bagh-Srinagar_Srinagar_District_Kashmir_Jammu_and_Kashmir.html"
"Hari Parbat","https://www.tripadvisor.com/Attraction_Review-g297623-d338347-Reviews-Hari_Parbat-Srinagar_Srinagar_District_Kashmir_Jammu_and_Kashmir.html"
"Dachigam Wildlife Sanctuary","https://www.tripadvisor.com/Attraction_Review-g297623-d3913546-Reviews-Dachigam_Wildlife_Sanctuary-Srinagar_Srinagar_District_Kashmir_Jammu_and_Kashmir.html"
"Kashmir Tourism Cabs","https://www.tripadvisor.com/Attraction_Review-g297623-d13804580-Reviews-Kashmir_Tourism_Cabs-Srinagar_Srinagar_District_Kashmir_Jammu_and_Kashmir.html"
"Durga Nag Temple","https://www.tripadvisor.com/Attraction_Review-g297623-d8059496-Reviews-Durga_Nag_Temple-Srinagar_Srinagar_District_Kashmir_Jammu_and_Kashmir.html"
"Pathar Masjid","https://www.tripadvisor.com/Attraction_Review-g297623-d3705504-Reviews-Pathar_Masjid-Srinagar_Srinagar_District_Kashmir_Jammu_and_Kashmir.html"
"Jyeshtheshvara Temple","https://www.tripadvisor.com/Attraction_Review-g297623-d3268804-Reviews-Jyeshtheshvara_Temple-Srinagar_Srinagar_District_Kashmir_Jammu_and_Kashmir.html"
"Charar-e-Sharif","https://www.tripadvisor.com/Attraction_Review-g297623-d501150-Reviews-Charar_e_Sharif-Srinagar_Srinagar_District_Kashmir_Jammu_and_Kashmir.html"
"Lal Chowk","https://www.tripadvisor.com/Attraction_Review-g297623-d12945736-Reviews-Lal_Chowk-Srinagar_Srinagar_District_Kashmir_Jammu_and_Kashmir.html"
"Makhdoom Sahib Shrine","https://www.tripadvisor.com/Attraction_Review-g297623-d3705371-Reviews-Makhdoom_Sahib_Shrine-Srinagar_Srinagar_District_Kashmir_Jammu_and_Kashmir.html"
"Harwan Gardens","https://www.tripadvisor.com/Attraction_Review-g297623-d15556027-Reviews-Harwan_Gardens-Srinagar_Srinagar_District_Kashmir_Jammu_and_Kashmir.html"
"Fotu La Pass","https://www.tripadvisor.com/Attraction_Review-g297623-d12833928-Reviews-Fotu_La_Pass-Srinagar_Srinagar_District_Kashmir_Jammu_and_Kashmir.html"
"Nilagrad River","https://www.tripadvisor.com/Attraction_Review-g297623-d3928311-Reviews-Nilagrad_River-Srinagar_Srinagar_District_Kashmir_Jammu_and_Kashmir.html"
"Dastgir Sahib Shrine","https://www.tripadvisor.com/Attraction_Review-g297623-d3171257-Reviews-Dastgir_Sahib_Shrine-Srinagar_Srinagar_District_Kashmir_Jammu_and_Kashmir.html"
"Sri Pratap Singh Museum","https://www.tripadvisor.com/Attraction_Review-g297623-d3705740-Reviews-Sri_Pratap_Singh_Museum-Srinagar_Srinagar_District_Kashmir_Jammu_and_Kashmir.html"
"Zero Bridge","https://www.tripadvisor.com/Attraction_Review-g297623-d15107679-Reviews-Zero_Bridge-Srinagar_Srinagar_District_Kashmir_Jammu_and_Kashmir.html"
"Roza Bal Shrine","https://www.tripadvisor.com/Attraction_Review-g297623-d3704970-Reviews-Roza_Bal_Shrine-Srinagar_Srinagar_District_Kashmir_Jammu_and_Kashmir.html"
"Challi Point","https://www.tripadvisor.com/Attraction_Review-g297623-d6496327-Reviews-Challi_Point-Srinagar_Srinagar_District_Kashmir_Jammu_and_Kashmir.html"
"Badshah Tomb","https://www.tripadvisor.com/Attraction_Review-g297623-d4400962-Reviews-Badshah_Tomb-Srinagar_Srinagar_District_Kashmir_Jammu_and_Kashmir.html"
"Garden of Char Chinar","https://www.tripadvisor.com/Attraction_Review-g297623-d2649167-Reviews-Garden_of_Char_Chinar-Srinagar_Srinagar_District_Kashmir_Jammu_and_Kashmir.html"
"Foreshore Road","https://www.tripadvisor.com/Attraction_Review-g297623-d14931670-Reviews-Foreshore_Road-Srinagar_Srinagar_District_Kashmir_Jammu_and_Kashmir.html"
"Masjid Dastgeer Sahib","https://www.tripadvisor.com/Attraction_Review-g297623-d3913196-Reviews-Masjid_Dastgeer_Sahib-Srinagar_Srinagar_District_Kashmir_Jammu_and_Kashmir.html"
"Gulshan Books Kashmir","https://www.tripadvisor.com/Attraction_Review-g297623-d13857130-Reviews-Gulshan_Books_Kashmir-Srinagar_Srinagar_District_Kashmir_Jammu_and_Kashmir.html"
"Floating Atm","https://www.tripadvisor.com/Attraction_Review-g297623-d25020283-Reviews-Floating_Atm-Srinagar_Srinagar_District_Kashmir_Jammu_and_Kashmir.html"
"Rainawari","https://www.tripadvisor.com/Attraction_Review-g297623-d3705557-Reviews-Rainawari-Srinagar_Srinagar_District_Kashmir_Jammu_and_Kashmir.html"
"Kathi Darwaza","https://www.tripadvisor.com/Attraction_Review-g297623-d3705767-Reviews-Kathi_Darwaza-Srinagar_Srinagar_District_Kashmir_Jammu_and_Kashmir.html"
"Chakucraftsemporium","https://www.tripadvisor.com/Attraction_Review-g297623-d14785723-Reviews-Chakucraftsemporium-Srinagar_Srinagar_District_Kashmir_Jammu_and_Kashmir.html"
"Parihaspora Pattan","https://www.tripadvisor.com/Attraction_Review-g297623-d3705486-Reviews-Parihaspora_Pattan-Srinagar_Srinagar_District_Kashmir_Jammu_and_Kashmir.html"
"Pratap Park","https://www.tripadvisor.com/Attraction_Review-g297623-d13951601-Reviews-Pratap_Park-Srinagar_Srinagar_District_Kashmir_Jammu_and_Kashmir.html"
"Ghanta Ghar","https://www.tripadvisor.com/Attraction_Review-g297623-d12633557-Reviews-Ghanta_Ghar-Srinagar_Srinagar_District_Kashmir_Jammu_and_Kashmir.html"
"Tomb of Madin Sahib","https://www.tripadvisor.com/Attraction_Review-g297623-d4088676-Reviews-Tomb_of_Madin_Sahib-Srinagar_Srinagar_District_Kashmir_Jammu_and_Kashmir.html"
"Sangin Darwaza","https://www.tripadvisor.com/Attraction_Review-g297623-d3705574-Reviews-Sangin_Darwaza-Srinagar_Srinagar_District_Kashmir_Jammu_and_Kashmir.html"
"Masjid of Akhund Mullah","https://www.tripadvisor.com/Attraction_Review-g297623-d3705636-Reviews-Masjid_of_Akhund_Mullah-Srinagar_Srinagar_District_Kashmir_Jammu_and_Kashmir.html"
"Sky Bright Holidays","https://www.tripadvisor.com/Attraction_Review-g297623-d23730754-Reviews-Sky_Bright_Holidays-Srinagar_Srinagar_District_Kashmir_Jammu_and_Kashmir.html"
"Kashmir Tourism Cab","https://www.tripadvisor.com/Attraction_Review-g297623-d17247307-Reviews-Kashmir_Tourism_Cab-Srinagar_Srinagar_District_Kashmir_Jammu_and_Kashmir.html"
"Boulevard Road","https://www.tripadvisor.com/Attraction_Review-g297623-d25020246-Reviews-Boulevard_Road-Srinagar_Srinagar_District_Kashmir_Jammu_and_Kashmir.html"
"Gagribal","https://www.tripadvisor.com/Attraction_Review-g297623-d25020259-Reviews-Gagribal-Srinagar_Srinagar_District_Kashmir_Jammu_and_Kashmir.html"
"Burzhama Ruins","https://www.tripadvisor.com/Attraction_Review-g297623-d3149345-Reviews-Burzhama_Ruins-Srinagar_Srinagar_District_Kashmir_Jammu_and_Kashmir.html"
"Chinar Ghat","https://www.tripadvisor.com/Attraction_Review-g297623-d25020250-Reviews-Chinar_Ghat-Srinagar_Srinagar_District_Kashmir_Jammu_and_Kashmir.html"
"Sunday Farmers Market and Craft Bazaar","https://www.tripadvisor.com/Attraction_Review-g297623-d8155076-Reviews-Sunday_Farmers_Market_and_Craft_Bazaar-Srinagar_Srinagar_District_Kashmir_Jammu_a.html"
"Chaku And Sons","https://www.tripadvisor.com/Attraction_Review-g297623-d12702768-Reviews-Chaku_And_Sons-Srinagar_Srinagar_District_Kashmir_Jammu_and_Kashmir.html"
"Floating Post Office Dal Lake","https://www.tripadvisor.com/Attraction_Review-g297623-d25011833-Reviews-Floating_Post_Office_Dal_Lake-Srinagar_Srinagar_District_Kashmir_Jammu_and_Kashm.html"
"Dalgate","https://www.tripadvisor.com/Attraction_Review-g297623-d25020261-Reviews-Dalgate-Srinagar_Srinagar_District_Kashmir_Jammu_and_Kashmir.html"
"Naqshband Shrine","https://www.tripadvisor.com/Attraction_Review-g297623-d3704904-Reviews-Naqshband_Shrine-Srinagar_Srinagar_District_Kashmir_Jammu_and_Kashmir.html"
"Imambara Hassanabad","https://www.tripadvisor.com/Attraction_Review-g297623-d3207866-Reviews-Imambara_Hassanabad-Srinagar_Srinagar_District_Kashmir_Jammu_and_Kashmir.html"
"Kashmir Government Arts Emporium","https://www.tripadvisor.com/Attraction_Review-g297623-d24113505-Reviews-Kashmir_Government_Arts_Emporium-Srinagar_Srinagar_District_Kashmir_Jammu_and_Ka.html"
"Imam Bada Barjee","https://www.tripadvisor.com/Attraction_Review-g297623-d5063997-Reviews-Imam_Bada_Barjee-Srinagar_Srinagar_District_Kashmir_Jammu_and_Kashmir.html"
"Akee Crafts","https://www.tripadvisor.com/Attraction_Review-g297623-d14072414-Reviews-Akee_Crafts-Srinagar_Srinagar_District_Kashmir_Jammu_and_Kashmir.html"
"Zaina Kadal Bridge","https://www.tripadvisor.com/Attraction_Review-g297623-d25010418-Reviews-Zaina_Kadal_Bridge-Srinagar_Srinagar_District_Kashmir_Jammu_and_Kashmir.html"
"Din Brothers Jewellers","https://www.tripadvisor.com/Attraction_Review-g297623-d24175126-Reviews-Din_Brothers_Jewellers-Srinagar_Srinagar_District_Kashmir_Jammu_and_Kashmir.html"
"FRUIT AND VEGETABLE MARKET SHOPIAN","https://www.tripadvisor.com/Attraction_Review-g297623-d23619816-Reviews-FRUIT_AND_VEGETABLE_MARKET_SHOPIAN-Srinagar_Srinagar_District_Kashmir_Jammu_and_.html"
"Ancient buddhist settlement","https://www.tripadvisor.com/Attraction_Review-g297623-d15886331-Reviews-Ancient_buddhist_settlement-Srinagar_Srinagar_District_Kashmir_Jammu_and_Kashmir.html"
"River Songs Tours and Travels","https://www.tripadvisor.com/Attraction_Review-g297623-d5000145-Reviews-River_Songs_Tours_and_Travels-Srinagar_Srinagar_District_Kashmir_Jammu_and_Kashmi.html"
"Neulife Store Srinagar","https://www.tripadvisor.com/Attraction_Review-g297623-d23459033-Reviews-Neulife_Store_Srinagar-Srinagar_Srinagar_District_Kashmir_Jammu_and_Kashmir.html"
"Anchar Lake","https://www.tripadvisor.com/Attraction_Review-g297623-d5788404-Reviews-Anchar_Lake-Srinagar_Srinagar_District_Kashmir_Jammu_and_Kashmir.html"
"Hazara Arts","https://www.tripadvisor.com/Attraction_Review-g297623-d8837246-Reviews-Hazara_Arts-Srinagar_Srinagar_District_Kashmir_Jammu_and_Kashmir.html"
"Shree Kheer Bhawani Durga Temple","https://www.tripadvisor.com/Attraction_Review-g297623-d21088956-Reviews-Shree_Kheer_Bhawani_Durga_Temple-Srinagar_Srinagar_District_Kashmir_Jammu_and_Ka.html"
"Saklain's Coterie","https://www.tripadvisor.com/Attraction_Review-g297623-d13003207-Reviews-Saklain_s_Coterie-Srinagar_Srinagar_District_Kashmir_Jammu_and_Kashmir.html"
"Elite Concept","https://www.tripadvisor.com/Attraction_Review-g297623-d23877926-Reviews-Elite_Concept-Srinagar_Srinagar_District_Kashmir_Jammu_and_Kashmir.html"
"Sunshine cottage emporium","https://www.tripadvisor.com/Attraction_Review-g297623-d26516259-Reviews-Sunshine_cottage_emporium-Srinagar_Srinagar_District_Kashmir_Jammu_and_Kashmir.html"
"Uzair Tour and Travels","https://www.tripadvisor.com/Attraction_Review-g297623-d15567846-Reviews-Uzair_Tour_and_Travels-Srinagar_Srinagar_District_Kashmir_Jammu_and_Kashmir.html"
"Kashmir Travels","https://www.tripadvisor.com/Attraction_Review-g297623-d8337940-Reviews-Kashmir_Travels-Srinagar_Srinagar_District_Kashmir_Jammu_and_Kashmir.html"
"Polo Ground Park","https://www.tripadvisor.com/Attraction_Review-g297623-d25010420-Reviews-Polo_Ground_Park-Srinagar_Srinagar_District_Kashmir_Jammu_and_Kashmir.html"
"Just Go Kashmir","https://www.tripadvisor.com/Attraction_Review-g297623-d16556292-Reviews-Just_Go_Kashmir-Srinagar_Srinagar_District_Kashmir_Jammu_and_Kashmir.html"
"Keprahiccus","https://www.tripadvisor.com/Attraction_Review-g297623-d26633880-Reviews-Keprahiccus-Srinagar_Srinagar_District_Kashmir_Jammu_and_Kashmir.html"
"Kashmir","https://www.tripadvisor.com/Attraction_Review-g297623-d24991312-Reviews-Kashmir-Srinagar_Srinagar_District_Kashmir_Jammu_and_Kashmir.html"
"Kepra","https://www.tripadvisor.com/Attraction_Review-g297623-d26632218-Reviews-Kepra-Srinagar_Srinagar_District_Kashmir_Jammu_and_Kashmir.html"
"Baba Art And Crafts","https://www.tripadvisor.com/Attraction_Review-g297623-d24023828-Reviews-Baba_Art_And_Crafts-Srinagar_Srinagar_District_Kashmir_Jammu_and_Kashmir.html"
"Nishat Tours And Travels","https://www.tripadvisor.com/Attraction_Review-g297623-d15247282-Reviews-Nishat_Tours_And_Travels-Srinagar_Srinagar_District_Kashmir_Jammu_and_Kashmir.html"
"J & K Tourism Car Rental","https://www.tripadvisor.com/Attraction_Review-g297623-d12206802-Reviews-J_K_Tourism_Car_Rental-Srinagar_Srinagar_District_Kashmir_Jammu_and_Kashmir.html"
"Travel My Kashmir","https://www.tripadvisor.com/Attraction_Review-g297623-d21320563-Reviews-Travel_My_Kashmir-Srinagar_Srinagar_District_Kashmir_Jammu_and_Kashmir.html"
"Lone Tour & Travels","https://www.tripadvisor.com/Attraction_Review-g297623-d13837347-Reviews-Lone_Tour_Travels-Srinagar_Srinagar_District_Kashmir_Jammu_and_Kashmir.html"
"Rehmat Crafts","https://www.tripadvisor.com/Attraction_Review-g297623-d8561040-Reviews-Rehmat_Crafts-Srinagar_Srinagar_District_Kashmir_Jammu_and_Kashmir.html"
"Srinagar Heritage Zone","https://www.tripadvisor.com/Attraction_Review-g297623-d21273604-Reviews-Srinagar_Heritage_Zone-Srinagar_Srinagar_District_Kashmir_Jammu_and_Kashmir.html"
"Srinagar Tourism Tour and Travel","https://www.tripadvisor.com/Attraction_Review-g297623-d15662718-Reviews-Srinagar_Tourism_Tour_and_Travel-Srinagar_Srinagar_District_Kashmir_Jammu_and_Ka.html"
"Chinar Holidays Kashmir","https://www.tripadvisor.com/Attraction_Review-g297623-d26338538-Reviews-Chinar_Holidays_Kashmir-Srinagar_Srinagar_District_Kashmir_Jammu_and_Kashmir.html"
"Sunway Kashmir Tour & Travels","https://www.tripadvisor.com/Attraction_Review-g297623-d15532587-Reviews-Sunway_Kashmir_Tour_Travels-Srinagar_Srinagar_District_Kashmir_Jammu_and_Kashmir.html"
"JUST TOURS & TRAVELS","https://www.tripadvisor.com/Attraction_Review-g297623-d23104959-Reviews-JUST_TOURS_TRAVELS-Srinagar_Srinagar_District_Kashmir_Jammu_and_Kashmir.html"
"Multi Kashmir Craft","https://www.tripadvisor.com/Attraction_Review-g297623-d5501819-Reviews-Multi_Kashmir_Craft-Srinagar_Srinagar_District_Kashmir_Jammu_and_Kashmir.html"
"Fairytale Tour and Travels","https://www.tripadvisor.com/Attraction_Review-g297623-d23536518-Reviews-Fairytale_Tour_and_Travels-Srinagar_Srinagar_District_Kashmir_Jammu_and_Kashmir.html"
"Kashmir Ski Tours","https://www.tripadvisor.com/Attraction_Review-g297623-d12226655-Reviews-Kashmir_Ski_Tours-Srinagar_Srinagar_District_Kashmir_Jammu_and_Kashmir.html"
"Shahkaar","https://www.tripadvisor.com/Attraction_Review-g297623-d26300376-Reviews-Shahkaar-Srinagar_Srinagar_District_Kashmir_Jammu_and_Kashmir.html"
"Raaj N Raaj Tour and Travels","https://www.tripadvisor.com/Attraction_Review-g297623-d17452023-Reviews-Raaj_N_Raaj_Tour_and_Travels-Srinagar_Srinagar_District_Kashmir_Jammu_and_Kashmi.html"
"Violet Holidays","https://www.tripadvisor.com/Attraction_Review-g297623-d17762802-Reviews-Violet_Holidays-Srinagar_Srinagar_District_Kashmir_Jammu_and_Kashmir.html"
"Tripmore","https://www.tripadvisor.com/Attraction_Review-g297623-d15692047-Reviews-Tripmore-Srinagar_Srinagar_District_Kashmir_Jammu_and_Kashmir.html"
"Kashmir Taxi Service","https://www.tripadvisor.com/Attraction_Review-g297623-d17592168-Reviews-Kashmir_Taxi_Service-Srinagar_Srinagar_District_Kashmir_Jammu_and_Kashmir.html"
"SST TOURS","https://www.tripadvisor.com/Attraction_Review-g297623-d25411149-Reviews-SST_TOURS-Srinagar_Srinagar_District_Kashmir_Jammu_and_Kashmir.html"
"Kashmir Treks","https://www.tripadvisor.com/Attraction_Review-g297623-d7279134-Reviews-Kashmir_Treks-Srinagar_Srinagar_District_Kashmir_Jammu_and_Kashmir.html"
"ALHABIB TRAVELS","https://www.tripadvisor.com/Attraction_Review-g297623-d23589960-Reviews-ALHABIB_TRAVELS-Srinagar_Srinagar_District_Kashmir_Jammu_and_Kashmir.html"
"Kashmir Experience","https://www.tripadvisor.com/Attraction_Review-g297623-d9821487-Reviews-Kashmir_Experience-Srinagar_Srinagar_District_Kashmir_Jammu_and_Kashmir.html"
"Kashmir Golf Course","https://www.tripadvisor.com/Attraction_Review-g297623-d25010423-Reviews-Kashmir_Golf_Course-Srinagar_Srinagar_District_Kashmir_Jammu_and_Kashmir.html"
"Heritage","https://www.tripadvisor.com/Attraction_Review-g297623-d10283462-Reviews-Heritage-Srinagar_Srinagar_District_Kashmir_Jammu_and_Kashmir.html"
"MEHRAJ CRAFTS","https://www.tripadvisor.com/Attraction_Review-g297623-d6846834-Reviews-MEHRAJ_CRAFTS-Srinagar_Srinagar_District_Kashmir_Jammu_and_Kashmir.html"
"The Gem Holidays","https://www.tripadvisor.com/Attraction_Review-g297623-d15439880-Reviews-The_Gem_Holidays-Srinagar_Srinagar_District_Kashmir_Jammu_and_Kashmir.html"
"MY HOLIDAY'S PLANNER KASHMIR","https://www.tripadvisor.com/Attraction_Review-g297623-d21373598-Reviews-MY_HOLIDAY_S_PLANNER_KASHMIR-Srinagar_Srinagar_District_Kashmir_Jammu_and_Kashmi.html"
"Chapr Handicraft","https://www.tripadvisor.com/Attraction_Review-g297623-d7257939-Reviews-Chapr_Handicraft-Srinagar_Srinagar_District_Kashmir_Jammu_and_Kashmir.html"
"Young Bombay Tours Kashmir","https://www.tripadvisor.com/Attraction_Review-g297623-d13294270-Reviews-Young_Bombay_Tours_Kashmir-Srinagar_Srinagar_District_Kashmir_Jammu_and_Kashmir.html"
"Shikara Ride Ghat No","https://www.tripadvisor.com/Attraction_Review-g297623-d27092872-Reviews-Shikara_Ride_Ghat_No_2-Srinagar_Srinagar_District_Kashmir_Jammu_and_Kashmir.html"
"Bukhara Travel House","https://www.tripadvisor.com/Attraction_Review-g297623-d16656331-Reviews-Bukhara_Travel_House-Srinagar_Srinagar_District_Kashmir_Jammu_and_Kashmir.html"
"KASHMIR TAXI SERVICE BY SALMAAN","https://www.tripadvisor.com/Attraction_Review-g297623-d26686608-Reviews-KASHMIR_TAXI_SERVICE_BY_SALMAAN-Srinagar_Srinagar_District_Kashmir_Jammu_and_Kas.html"
"7 Days Kashmir Tour & Travels","https://www.tripadvisor.com/Attraction_Review-g297623-d15617172-Reviews-7_Days_Kashmir_Tour_Travels-Srinagar_Srinagar_District_Kashmir_Jammu_and_Kashmir.html"
"Tourist Taxi Srinagar","https://www.tripadvisor.com/Attraction_Review-g297623-d21509925-Reviews-Tourist_Taxi_Srinagar-Srinagar_Srinagar_District_Kashmir_Jammu_and_Kashmir.html"
"Kashmir Rental Car Service","https://www.tripadvisor.com/Attraction_Review-g297623-d15018788-Reviews-Kashmir_Rental_Car_Service-Srinagar_Srinagar_District_Kashmir_Jammu_and_Kashmir.html"
"Snow Kashmir Holidays - Luxury Tours","https://www.tripadvisor.com/Attraction_Review-g297623-d23733945-Reviews-Snow_Kashmir_Holidays_Luxury_Tours-Srinagar_Srinagar_District_Kashmir_Jammu_and_.html"
"Highlanders Bar","https://www.tripadvisor.com/Attraction_Review-g297623-d6678297-Reviews-Highlanders_Bar-Srinagar_Srinagar_District_Kashmir_Jammu_and_Kashmir.html"
"Farco Jewellers","https://www.tripadvisor.com/Attraction_Review-g297623-d5998893-Reviews-Farco_Jewellers-Srinagar_Srinagar_District_Kashmir_Jammu_and_Kashmir.html"
"Akhoon Jewellers","https://www.tripadvisor.com/Attraction_Review-g297623-d10364860-Reviews-Akhoon_Jewellers-Srinagar_Srinagar_District_Kashmir_Jammu_and_Kashmir.html"
"Odyssey Tours & Travels","https://www.tripadvisor.com/Attraction_Review-g297623-d25235616-Reviews-Odyssey_Tours_Travels-Srinagar_Srinagar_District_Kashmir_Jammu_and_Kashmir.html"
"Budget Trek Kashmir","https://www.tripadvisor.com/Attraction_Review-g297623-d14009879-Reviews-Budget_Trek_Kashmir-Srinagar_Srinagar_District_Kashmir_Jammu_and_Kashmir.html"
"Light and Sound Show","https://www.tripadvisor.com/Attraction_Review-g297623-d24005043-Reviews-Light_and_Sound_Show-Srinagar_Srinagar_District_Kashmir_Jammu_and_Kashmir.html"
"Royal Kashmir","https://www.tripadvisor.com/Attraction_Review-g297623-d7820167-Reviews-Royal_Kashmir-Srinagar_Srinagar_District_Kashmir_Jammu_and_Kashmir.html"
"Hotel bookings, Taxi, Tour & Travel, Event management","https://www.tripadvisor.com/Attraction_Review-g297623-d25178274-Reviews-Hotel_bookings_Taxi_Tour_Travel_Event_management-Srinagar_Srinagar_District_Kash.html"
"Royal India Expedition","https://www.tripadvisor.com/Attraction_Review-g297623-d2571841-Reviews-Royal_India_Expedition-Srinagar_Srinagar_District_Kashmir_Jammu_and_Kashmir.html"
"Valley Trip Planner","https://www.tripadvisor.com/Attraction_Review-g297623-d15601880-Reviews-Valley_Trip_Planner-Srinagar_Srinagar_District_Kashmir_Jammu_and_Kashmir.html"
"Pakhtoon Arts and Craft","https://www.tripadvisor.com/Attraction_Review-g297623-d9712615-Reviews-Pakhtoon_Arts_and_Craft-Srinagar_Srinagar_District_Kashmir_Jammu_and_Kashmir.html"
"Kashmir Transporter","https://www.tripadvisor.com/Attraction_Review-g297623-d16239196-Reviews-Kashmir_Transporter-Srinagar_Srinagar_District_Kashmir_Jammu_and_Kashmir.html"
"Hospitality Tours and Travels","https://www.tripadvisor.com/Attraction_Review-g297623-d13551403-Reviews-Hospitality_Tours_and_Travels-Srinagar_Srinagar_District_Kashmir_Jammu_and_Kashm.html"
"Rover Tour & Travels","https://www.tripadvisor.com/Attraction_Review-g297623-d25249053-Reviews-Rover_Tour_Travels-Srinagar_Srinagar_District_Kashmir_Jammu_and_Kashmir.html"
"Hangout Holidays","https://www.tripadvisor.com/Attraction_Review-g297623-d15682414-Reviews-Hangout_Holidays-Srinagar_Srinagar_District_Kashmir_Jammu_and_Kashmir.html"
"Travel Leads Holidays","https://www.tripadvisor.com/Attraction_Review-g297623-d24135756-Reviews-Travel_Leads_Holidays-Srinagar_Srinagar_District_Kashmir_Jammu_and_Kashmir.html"
"First Choice Tours & Travels","https://www.tripadvisor.com/Attraction_Review-g297623-d23601763-Reviews-First_Choice_Tours_Travels-Srinagar_Srinagar_District_Kashmir_Jammu_and_Kashmir.html"
"Kashmir Car Booking","https://www.tripadvisor.com/Attraction_Review-g297623-d26989567-Reviews-Kashmir_Car_Booking-Srinagar_Srinagar_District_Kashmir_Jammu_and_Kashmir.html"
"Green Kashmir Travels","https://www.tripadvisor.com/Attraction_Review-g297623-d13147534-Reviews-Green_Kashmir_Travels-Srinagar_Srinagar_District_Kashmir_Jammu_and_Kashmir.html"
"Divine Shadow Tours & Travels","https://www.tripadvisor.com/Attraction_Review-g297623-d15612068-Reviews-Divine_Shadow_Tours_Travels-Srinagar_Srinagar_District_Kashmir_Jammu_and_Kashmir.html"
"Happy Jacks Tour & Travels","https://www.tripadvisor.com/Attraction_Review-g297623-d25130088-Reviews-Happy_Jacks_Tour_Travels-Srinagar_Srinagar_District_Kashmir_Jammu_and_Kashmir.html"
"Travodise Kashmir","https://www.tripadvisor.com/Attraction_Review-g297623-d25422534-Reviews-Travodise_Kashmir-Srinagar_Srinagar_District_Kashmir_Jammu_and_Kashmir.html"
"Online Holidays","https://www.tripadvisor.com/Attraction_Review-g297623-d15604758-Reviews-Online_Holidays-Srinagar_Srinagar_District_Kashmir_Jammu_and_Kashmir.html"
"The Kashmir Cabs","https://www.tripadvisor.com/Attraction_Review-g297623-d25420761-Reviews-The_Kashmir_Cabs-Srinagar_Srinagar_District_Kashmir_Jammu_and_Kashmir.html"
"S.Khem Singh Seva Singh Jewellers","https://www.tripadvisor.com/Attraction_Review-g297623-d7190980-Reviews-S_Khem_Singh_Seva_Singh_Jewellers-Srinagar_Srinagar_District_Kashmir_Jammu_and_Ka.html"
"Castala","https://www.tripadvisor.com/Attraction_Review-g297623-d8636359-Reviews-Castala-Srinagar_Srinagar_District_Kashmir_Jammu_and_Kashmir.html"
"F.B.Tour & Travels","https://www.tripadvisor.com/Attraction_Review-g297623-d13321945-Reviews-F_B_Tour_Travels-Srinagar_Srinagar_District_Kashmir_Jammu_and_Kashmir.html"
"Suffering Moses","https://www.tripadvisor.com/Attraction_Review-g297623-d16857969-Reviews-Suffering_Moses-Srinagar_Srinagar_District_Kashmir_Jammu_and_Kashmir.html"
"Amin Bin Khalik (ABK)","https://www.tripadvisor.com/Attraction_Review-g297623-d12298216-Reviews-Amin_Bin_Khalik_ABK-Srinagar_Srinagar_District_Kashmir_Jammu_and_Kashmir.html"
"Indeed Holidays","https://www.tripadvisor.com/Attraction_Review-g297623-d15644966-Reviews-Indeed_Holidays-Srinagar_Srinagar_District_Kashmir_Jammu_and_Kashmir.html"
"Leather House","https://www.tripadvisor.com/Attraction_Review-g297623-d13316361-Reviews-Leather_House-Srinagar_Srinagar_District_Kashmir_Jammu_and_Kashmir.html"
"Sukhothai Spa","https://www.tripadvisor.com/Attraction_Review-g297623-d24089955-Reviews-Sukhothai_Spa-Srinagar_Srinagar_District_Kashmir_Jammu_and_Kashmir.html"
"Nature Holidays India","https://www.tripadvisor.com/Attraction_Review-g297623-d15582561-Reviews-Nature_Holidays_India-Srinagar_Srinagar_District_Kashmir_Jammu_and_Kashmir.html"
"Kashmir Walks","https://www.tripadvisor.com/Attraction_Review-g297623-d17822989-Reviews-Kashmir_Walks-Srinagar_Srinagar_District_Kashmir_Jammu_and_Kashmir.html"
"Packages Kashmir","https://www.tripadvisor.com/Attraction_Review-g297623-d15619657-Reviews-Packages_Kashmir-Srinagar_Srinagar_District_Kashmir_Jammu_and_Kashmir.html"
"Moses International","https://www.tripadvisor.com/Attraction_Review-g297623-d13118512-Reviews-Moses_International-Srinagar_Srinagar_District_Kashmir_Jammu_and_Kashmir.html"
"365 Holiday Travel","https://www.tripadvisor.com/Attraction_Review-g297623-d23822082-Reviews-365_Holiday_Travel-Srinagar_Srinagar_District_Kashmir_Jammu_and_Kashmir.html"
"Karakoram Explorers","https://www.tripadvisor.com/Attraction_Review-g297623-d6938591-Reviews-Karakoram_Explorers-Srinagar_Srinagar_District_Kashmir_Jammu_and_Kashmir.html"
"Liyana Holidays","https://www.tripadvisor.com/Attraction_Review-g297623-d26286120-Reviews-Liyana_Holidays-Srinagar_Srinagar_District_Kashmir_Jammu_and_Kashmir.html"
"Indian Tricolour Tours","https://www.tripadvisor.com/Attraction_Review-g297623-d15680758-Reviews-Indian_Tricolour_Tours-Srinagar_Srinagar_District_Kashmir_Jammu_and_Kashmir.html"
"Srinagar Trips","https://www.tripadvisor.com/Attraction_Review-g297623-d17794469-Reviews-Srinagar_Trips-Srinagar_Srinagar_District_Kashmir_Jammu_and_Kashmir.html"
"Kashmir Travel Time","https://www.tripadvisor.com/Attraction_Review-g297623-d17711804-Reviews-Kashmir_Travel_Time-Srinagar_Srinagar_District_Kashmir_Jammu_and_Kashmir.html"
"Ss Saffron","https://www.tripadvisor.com/Attraction_Review-g297623-d20889588-Reviews-Ss_Saffron-Srinagar_Srinagar_District_Kashmir_Jammu_and_Kashmir.html"
"Kashmir Alpine Trek","https://www.tripadvisor.com/Attraction_Review-g297623-d13286257-Reviews-Kashmir_Alpine_Trek-Srinagar_Srinagar_District_Kashmir_Jammu_and_Kashmir.html"
"Essence Holidays","https://www.tripadvisor.com/Attraction_Review-g297623-d15616074-Reviews-Essence_Holidays-Srinagar_Srinagar_District_Kashmir_Jammu_and_Kashmir.html"
"Muslim Barbell Fitness Club","https://www.tripadvisor.com/Attraction_Review-g297623-d23896890-Reviews-Muslim_Barbell_Fitness_Club-Srinagar_Srinagar_District_Kashmir_Jammu_and_Kashmir.html"
"Kashmir Holiday Packages","https://www.tripadvisor.com/Attraction_Review-g297623-d15684898-Reviews-Kashmir_Holiday_Packages-Srinagar_Srinagar_District_Kashmir_Jammu_and_Kashmir.html"
"DcodeFuture","https://www.tripadvisor.com/Attraction_Review-g297623-d17323177-Reviews-DcodeFuture-Srinagar_Srinagar_District_Kashmir_Jammu_and_Kashmir.html"
"Sunshine Cottage Emporium","https://www.tripadvisor.com/Attraction_Review-g297623-d26517177-Reviews-Sunshine_Cottage_Emporium-Srinagar_Srinagar_District_Kashmir_Jammu_and_Kashmir.html"
"SS Caravan Tour and Travels","https://www.tripadvisor.com/Attraction_Review-g297623-d13966606-Reviews-SS_Caravan_Tour_and_Travels-Srinagar_Srinagar_District_Kashmir_Jammu_and_Kashmir.html"
"Rejuve The Spa","https://www.tripadvisor.com/Attraction_Review-g297623-d5782415-Reviews-Rejuve_The_Spa-Srinagar_Srinagar_District_Kashmir_Jammu_and_Kashmir.html"
"Traveligo","https://www.tripadvisor.com/Attraction_Review-g297623-d27122537-Reviews-Traveligo-Srinagar_Srinagar_District_Kashmir_Jammu_and_Kashmir.html"
"Kashmir Perfect Holidays","https://www.tripadvisor.com/Attraction_Review-g297623-d22982153-Reviews-Kashmir_Perfect_Holidays-Srinagar_Srinagar_District_Kashmir_Jammu_and_Kashmir.html"
"Travel Srinagar","https://www.tripadvisor.com/Attraction_Review-g297623-d12987608-Reviews-Travel_Srinagar-Srinagar_Srinagar_District_Kashmir_Jammu_and_Kashmir.html"
"Fantastic journeys","https://www.tripadvisor.com/Attraction_Review-g297623-d26127007-Reviews-Fantastic_journeys-Srinagar_Srinagar_District_Kashmir_Jammu_and_Kashmir.html"
"weather tour and travels","https://www.tripadvisor.com/Attraction_Review-g297623-d25271598-Reviews-Weather_tour_and_travels-Srinagar_Srinagar_District_Kashmir_Jammu_and_Kashmir.html"
"InTreck Tours And Travels","https://www.tripadvisor.com/Attraction_Review-g297623-d15887582-Reviews-InTreck_Tours_And_Travels-Srinagar_Srinagar_District_Kashmir_Jammu_and_Kashmir.html"
"Foreign Mates Tour and Travels","https://www.tripadvisor.com/Attraction_Review-g297623-d20115675-Reviews-Foreign_Mates_Tour_and_Travels-Srinagar_Srinagar_District_Kashmir_Jammu_and_Kash.html"
"Kashmir Tulip Holidays","https://www.tripadvisor.com/Attraction_Review-g297623-d15370149-Reviews-Kashmir_Tulip_Holidays-Srinagar_Srinagar_District_Kashmir_Jammu_and_Kashmir.html"
"Inox International Tour & Travels","https://www.tripadvisor.com/Attraction_Review-g297623-d23636429-Reviews-Inox_International_Tour_Travels-Srinagar_Srinagar_District_Kashmir_Jammu_and_Kas.html"
"Kashmir Downtown Travels","https://www.tripadvisor.com/Attraction_Review-g297623-d16674335-Reviews-Kashmir_Downtown_Travels-Srinagar_Srinagar_District_Kashmir_Jammu_and_Kashmir.html"
"Escorted Holiday Advice","https://www.tripadvisor.com/Attraction_Review-g297623-d23293758-Reviews-Escorted_Holiday_Advice-Srinagar_Srinagar_District_Kashmir_Jammu_and_Kashmir.html"
"C Himalaya Tour and Travels","https://www.tripadvisor.com/Attraction_Review-g297623-d17407225-Reviews-C_Himalaya_Tour_and_Travels-Srinagar_Srinagar_District_Kashmir_Jammu_and_Kashmir.html"
"KASHMIR BEAUTY TOUR & TRAVELS","https://www.tripadvisor.com/Attraction_Review-g297623-d23761700-Reviews-KASHMIR_BEAUTY_TOUR_TRAVELS-Srinagar_Srinagar_District_Kashmir_Jammu_and_Kashmir.html"
"New Sheikh Holidays Tour And Travel","https://www.tripadvisor.com/Attraction_Review-g297623-d16845607-Reviews-New_Sheikh_Holidays_Tour_And_Travel-Srinagar_Srinagar_District_Kashmir_Jammu_and.html"
"Fortview Holidays","https://www.tripadvisor.com/Attraction_Review-g297623-d13516237-Reviews-Fortview_Holidays-Srinagar_Srinagar_District_Kashmir_Jammu_and_Kashmir.html"
"Stay Safe Travels","https://www.tripadvisor.com/Attraction_Review-g297623-d26663360-Reviews-Stay_Safe_Travels-Srinagar_Srinagar_District_Kashmir_Jammu_and_Kashmir.html"
"Darakhshan Holidays","https://www.tripadvisor.com/Attraction_Review-g297623-d23636563-Reviews-Darakhshan_Holidays-Srinagar_Srinagar_District_Kashmir_Jammu_and_Kashmir.html"
"Culture Rings Kashmir","https://www.tripadvisor.com/Attraction_Review-g297623-d16897999-Reviews-Culture_Rings_Kashmir-Srinagar_Srinagar_District_Kashmir_Jammu_and_Kashmir.html"
"Rizz Tour and Travels","https://www.tripadvisor.com/Attraction_Review-g297623-d20286763-Reviews-Rizz_Tour_and_Travels-Srinagar_Srinagar_District_Kashmir_Jammu_and_Kashmir.html"
"Trekcall","https://www.tripadvisor.com/Attraction_Review-g297623-d25976689-Reviews-Trekcall-Srinagar_Srinagar_District_Kashmir_Jammu_and_Kashmir.html"
"Kashmir Trip","https://www.tripadvisor.com/Attraction_Review-g297623-d17333902-Reviews-Kashmir_Trip-Srinagar_Srinagar_District_Kashmir_Jammu_and_Kashmir.html"
"Marsar Travels Kashmir","https://www.tripadvisor.com/Attraction_Review-g297623-d16815688-Reviews-Marsar_Travels_Kashmir-Srinagar_Srinagar_District_Kashmir_Jammu_and_Kashmir.html"
"The Travel Pattern","https://www.tripadvisor.com/Attraction_Review-g297623-d24350862-Reviews-The_Travel_Pattern-Srinagar_Srinagar_District_Kashmir_Jammu_and_Kashmir.html"
"The Holidaz Travel Kashmir","https://www.tripadvisor.com/Attraction_Review-g297623-d16470867-Reviews-The_Holidaz_Travel_Kashmir-Srinagar_Srinagar_District_Kashmir_Jammu_and_Kashmir.html"
"Golden Years Adventure Kashmir","https://www.tripadvisor.com/Attraction_Review-g297623-d15721271-Reviews-Golden_Years_Adventure_Kashmir-Srinagar_Srinagar_District_Kashmir_Jammu_and_Kash.html"
"ALL SEASON HOLIDAYS","https://www.tripadvisor.com/Attraction_Review-g297623-d16499295-Reviews-ALL_SEASON_HOLIDAYS-Srinagar_Srinagar_District_Kashmir_Jammu_and_Kashmir.html"
"Golden Wings Holidays Tour and Travels","https://www.tripadvisor.com/Attraction_Review-g297623-d17676092-Reviews-Golden_Wings_Holidays_Tour_and_Travels-Srinagar_Srinagar_District_Kashmir_Jammu_.html"
"kashmir port","https://www.tripadvisor.com/Attraction_Review-g297623-d22856726-Reviews-Kashmir_port-Srinagar_Srinagar_District_Kashmir_Jammu_and_Kashmir.html"
"Peacock Holidays","https://www.tripadvisor.com/Attraction_Review-g297623-d16644927-Reviews-Peacock_Holidays-Srinagar_Srinagar_District_Kashmir_Jammu_and_Kashmir.html"
"Shaan Tour and Travels","https://www.tripadvisor.com/Attraction_Review-g297623-d15676591-Reviews-Shaan_Tour_and_Travels-Srinagar_Srinagar_District_Kashmir_Jammu_and_Kashmir.html"
"Kashmir Trip Advisor","https://www.tripadvisor.com/Attraction_Review-g297623-d15679676-Reviews-Kashmir_Trip_Advisor-Srinagar_Srinagar_District_Kashmir_Jammu_and_Kashmir.html"
"Kashmir Mountain Adventures","https://www.tripadvisor.com/Attraction_Review-g297623-d13555358-Reviews-Kashmir_Mountain_Adventures-Srinagar_Srinagar_District_Kashmir_Jammu_and_Kashmir.html"
"One in the orange jacket","https://www.tripadvisor.com/Attraction_Review-g297623-d25358050-Reviews-One_in_the_orange_jacket-Srinagar_Srinagar_District_Kashmir_Jammu_and_Kashmir.html"
"7 Heaven Holidays","https://www.tripadvisor.com/Attraction_Review-g297623-d20076568-Reviews-7_Heaven_Holidays-Srinagar_Srinagar_District_Kashmir_Jammu_and_Kashmir.html"
"S Kashani Travels Kashmir","https://www.tripadvisor.com/Attraction_Review-g297623-d21334227-Reviews-S_Kashani_Travels_Kashmir-Srinagar_Srinagar_District_Kashmir_Jammu_and_Kashmir.html"
"Srinagar Cab Service","https://www.tripadvisor.com/Attraction_Review-g297623-d25425505-Reviews-Srinagar_Cab_Service-Srinagar_Srinagar_District_Kashmir_Jammu_and_Kashmir.html"
"Leapon Adventures (P) Limited","https://www.tripadvisor.com/Attraction_Review-g297623-d25129379-Reviews-Leapon_Adventures_P_Limited-Srinagar_Srinagar_District_Kashmir_Jammu_and_Kashmir.html"
"Kashmir Travelling Voyage","https://www.tripadvisor.com/Attraction_Review-g297623-d14212812-Reviews-Kashmir_Travelling_Voyage-Srinagar_Srinagar_District_Kashmir_Jammu_and_Kashmir.html"
"Distant Holidays","https://www.tripadvisor.com/Attraction_Review-g297623-d15656122-Reviews-Distant_Holidays-Srinagar_Srinagar_District_Kashmir_Jammu_and_Kashmir.html"
"Memories Of Kashmir","https://www.tripadvisor.com/Attraction_Review-g297623-d24043484-Reviews-Memories_Of_Kashmir-Srinagar_Srinagar_District_Kashmir_Jammu_and_Kashmir.html"
"Ahlan India Tours & Travels","https://www.tripadvisor.com/Attraction_Review-g297623-d21209665-Reviews-Ahlan_India_Tours_Travels-Srinagar_Srinagar_District_Kashmir_Jammu_and_Kashmir.html"
"Your Journey Vacation","https://www.tripadvisor.com/Attraction_Review-g297623-d26326161-Reviews-Your_Journey_Vacation-Srinagar_Srinagar_District_Kashmir_Jammu_and_Kashmir.html"
"New Journey Travels","https://www.tripadvisor.com/Attraction_Review-g297623-d13966245-Reviews-New_Journey_Travels-Srinagar_Srinagar_District_Kashmir_Jammu_and_Kashmir.html"
"Quest Tours & Travels(Quest Kashmir)","https://www.tripadvisor.com/Attraction_Review-g297623-d25411288-Reviews-Quest_Tours_Travels_Quest_Kashmir-Srinagar_Srinagar_District_Kashmir_Jammu_and_K.html"
"Vivanta Global Holidays","https://www.tripadvisor.com/Attraction_Review-g297623-d23238767-Reviews-Vivanta_Global_Holidays-Srinagar_Srinagar_District_Kashmir_Jammu_and_Kashmir.html"
"Golden Apple Tour And Travels","https://www.tripadvisor.com/Attraction_Review-g297623-d17420315-Reviews-Golden_Apple_Tour_And_Travels-Srinagar_Srinagar_District_Kashmir_Jammu_and_Kashm.html"
"Team Mountaineers","https://www.tripadvisor.com/Attraction_Review-g297623-d13551431-Reviews-Team_Mountaineers-Srinagar_Srinagar_District_Kashmir_Jammu_and_Kashmir.html"
"Kashmir Dreams Holiday (Kashmir Houseboats)","https://www.tripadvisor.com/Attraction_Review-g297623-d24144351-Reviews-Kashmir_Dreams_Holiday_Kashmir_Houseboats-Srinagar_Srinagar_District_Kashmir_Jam.html"
"Amarnath Yatra Package","https://www.tripadvisor.com/Attraction_Review-g297623-d16857631-Reviews-Amarnath_Yatra_Package-Srinagar_Srinagar_District_Kashmir_Jammu_and_Kashmir.html"
"Tour Planner Kashmir","https://www.tripadvisor.com/Attraction_Review-g297623-d25001279-Reviews-Tour_Planner_Kashmir-Srinagar_Srinagar_District_Kashmir_Jammu_and_Kashmir.html"
"Travel My Kashmir","https://www.tripadvisor.com/Attraction_Review-g297623-d3853834-Reviews-Travel_My_Kashmir-Srinagar_Srinagar_District_Kashmir_Jammu_and_Kashmir.html"
"Srinagar Kayaking Tours","https://www.tripadvisor.com/Attraction_Review-g297623-d24885659-Reviews-Srinagar_Kayaking_Tours-Srinagar_Srinagar_District_Kashmir_Jammu_and_Kashmir.html"
"MacroTrips","https://www.tripadvisor.com/Attraction_Review-g297623-d15691531-Reviews-MacroTrips-Srinagar_Srinagar_District_Kashmir_Jammu_and_Kashmir.html"
"ORCHARD TOURS AND TRAVELS","https://www.tripadvisor.com/Attraction_Review-g297623-d25177834-Reviews-ORCHARD_TOURS_AND_TRAVELS-Srinagar_Srinagar_District_Kashmir_Jammu_and_Kashmir.html"
"Lakut Kashmir","https://www.tripadvisor.com/Attraction_Review-g297623-d24188201-Reviews-Lakut_Kashmir-Srinagar_Srinagar_District_Kashmir_Jammu_and_Kashmir.html"
"India Travel Connection","https://www.tripadvisor.com/Attraction_Review-g297623-d15645084-Reviews-India_Travel_Connection-Srinagar_Srinagar_District_Kashmir_Jammu_and_Kashmir.html"
"Srinagar Kayaking Tours Dal & Nigeen Lake","https://www.tripadvisor.com/Attraction_Review-g297623-d26227336-Reviews-Srinagar_Kayaking_Tours_Dal_Nigeen_Lake-Srinagar_Srinagar_District_Kashmir_Jammu.html"
"Travelling Folks","https://www.tripadvisor.com/Attraction_Review-g297623-d26562220-Reviews-Travelling_Folks-Srinagar_Srinagar_District_Kashmir_Jammu_and_Kashmir.html"
"BIKE RENTAL SRINAGAR","https://www.tripadvisor.com/Attraction_Review-g297623-d17620833-Reviews-BIKE_RENTAL_SRINAGAR-Srinagar_Srinagar_District_Kashmir_Jammu_and_Kashmir.html"
"Tourist Guide","https://www.tripadvisor.com/Attraction_Review-g297623-d17703475-Reviews-Tourist_Guide-Srinagar_Srinagar_District_Kashmir_Jammu_and_Kashmir.html"
"Dream Valley Travels","https://www.tripadvisor.com/Attraction_Review-g297623-d15214794-Reviews-Dream_Valley_Travels-Srinagar_Srinagar_District_Kashmir_Jammu_and_Kashmir.html"
"Your tour n travel","https://www.tripadvisor.com/Attraction_Review-g297623-d23727077-Reviews-Your_tour_n_travel-Srinagar_Srinagar_District_Kashmir_Jammu_and_Kashmir.html"
"Aashish Tour And Travels","https://www.tripadvisor.com/Attraction_Review-g297623-d15756833-Reviews-Aashish_Tour_And_Travels-Srinagar_Srinagar_District_Kashmir_Jammu_and_Kashmir.html"
"AmarnathjiYatra.Com","https://www.tripadvisor.com/Attraction_Review-g297623-d17779082-Reviews-AmarnathjiYatra_Com-Srinagar_Srinagar_District_Kashmir_Jammu_and_Kashmir.html"
"Kashmir Travelport","https://www.tripadvisor.com/Attraction_Review-g297623-d16525477-Reviews-Kashmir_Travelport-Srinagar_Srinagar_District_Kashmir_Jammu_and_Kashmir.html"
"Kashmir Himalayan Dreams Tour & Travels","https://www.tripadvisor.com/Attraction_Review-g297623-d13486113-Reviews-Kashmir_Himalayan_Dreams_Tour_Travels-Srinagar_Srinagar_District_Kashmir_Jammu_a.html"
"Indo Summit Tours & Travels - # Kashmir Travel Expert.","https://www.tripadvisor.com/Attraction_Review-g297623-d16959082-Reviews-Indo_Summit_Tours_Travels_Kashmir_Travel_Expert-Srinagar_Srinagar_District_Kashm.html"
"KashmirHills","https://www.tripadvisor.com/Attraction_Review-g297623-d27100095-Reviews-KashmirHills-Srinagar_Srinagar_District_Kashmir_Jammu_and_Kashmir.html"
"Visit Valley Tour And Travels","https://www.tripadvisor.com/Attraction_Review-g297623-d23195110-Reviews-Visit_Valley_Tour_And_Travels-Srinagar_Srinagar_District_Kashmir_Jammu_and_Kashm.html"
"Overseas Holidays","https://www.tripadvisor.com/Attraction_Review-g297623-d14903794-Reviews-Overseas_Holidays-Srinagar_Srinagar_District_Kashmir_Jammu_and_Kashmir.html"
"Flexible Vacations Tour and Travels","https://www.tripadvisor.com/Attraction_Review-g297623-d15873998-Reviews-Flexible_Vacations_Tour_and_Travels-Srinagar_Srinagar_District_Kashmir_Jammu_and.html"
"Kaspeiria Holidays Kashmir","https://www.tripadvisor.com/Attraction_Review-g297623-d17802554-Reviews-Kaspeiria_Holidays_Kashmir-Srinagar_Srinagar_District_Kashmir_Jammu_and_Kashmir.html"
"Kashmer Tourism","https://www.tripadvisor.com/Attraction_Review-g297623-d20364986-Reviews-Kashmer_Tourism-Srinagar_Srinagar_District_Kashmir_Jammu_and_Kashmir.html"
"Roam N Trip Holidays - Best Kashmir Tour Packages","https://www.tripadvisor.com/Attraction_Review-g297623-d26869565-Reviews-Roam_N_Trip_Holidays_Best_Kashmir_Tour_Packages-Srinagar_Srinagar_District_Kashm.html"
"Holiday Creators","https://www.tripadvisor.com/Attraction_Review-g297623-d23183915-Reviews-Holiday_Creators-Srinagar_Srinagar_District_Kashmir_Jammu_and_Kashmir.html"
"Go Travelmore","https://www.tripadvisor.com/Attraction_Review-g297623-d19682779-Reviews-Go_Travelmore-Srinagar_Srinagar_District_Kashmir_Jammu_and_Kashmir.html"
"Valley Heritage Tours & Travels","https://www.tripadvisor.com/Attraction_Review-g297623-d17427502-Reviews-Valley_Heritage_Tours_Travels-Srinagar_Srinagar_District_Kashmir_Jammu_and_Kashm.html"
"NEW ROCK TOUR & TRAVELS","https://www.tripadvisor.com/Attraction_Review-g297623-d24970779-Reviews-NEW_ROCK_TOUR_TRAVELS-Srinagar_Srinagar_District_Kashmir_Jammu_and_Kashmir.html"
"Essence Holidays","https://www.tripadvisor.com/Attraction_Review-g297623-d15616092-Reviews-Essence_Holidays-Srinagar_Srinagar_District_Kashmir_Jammu_and_Kashmir.html"
"Barefoot Holidays Kashmir","https://www.tripadvisor.com/Attraction_Review-g297623-d27325411-Reviews-Barefoot_Holidays_Kashmir-Srinagar_Srinagar_District_Kashmir_Jammu_and_Kashmir.html"
"Kashmir Rental Bikes","https://www.tripadvisor.com/Attraction_Review-g297623-d23630536-Reviews-Kashmir_Rental_Bikes-Srinagar_Srinagar_District_Kashmir_Jammu_and_Kashmir.html"
"Nisba Travels","https://www.tripadvisor.com/Attraction_Review-g297623-d25181272-Reviews-Nisba_Travels-Srinagar_Srinagar_District_Kashmir_Jammu_and_Kashmir.html"
"Exploring Kashmir tours n treks","https://www.tripadvisor.com/Attraction_Review-g297623-d20135635-Reviews-Exploring_Kashmir_tours_n_treks-Srinagar_Srinagar_District_Kashmir_Jammu_and_Kas.html"
"Flying Beat Holidays","https://www.tripadvisor.com/Attraction_Review-g297623-d25371977-Reviews-Flying_Beat_Holidays-Srinagar_Srinagar_District_Kashmir_Jammu_and_Kashmir.html"
"Gulmarg Alpine Guides","https://www.tripadvisor.com/Attraction_Review-g297623-d25413389-Reviews-Gulmarg_Alpine_Guides-Srinagar_Srinagar_District_Kashmir_Jammu_and_Kashmir.html"
"Kashmir Car Rental Service","https://www.tripadvisor.com/Attraction_Review-g297623-d17664692-Reviews-Kashmir_Car_Rental_Service-Srinagar_Srinagar_District_Kashmir_Jammu_and_Kashmir.html"
"Master Mind Holidays","https://www.tripadvisor.com/Attraction_Review-g297623-d16948517-Reviews-Master_Mind_Holidays-Srinagar_Srinagar_District_Kashmir_Jammu_and_Kashmir.html"
"Farwas Holidays","https://www.tripadvisor.com/Attraction_Review-g297623-d15373728-Reviews-Farwas_Holidays-Srinagar_Srinagar_District_Kashmir_Jammu_and_Kashmir.html"
"Travelzee Tour and Travels","https://www.tripadvisor.com/Attraction_Review-g297623-d26873898-Reviews-Travelzee_Tour_and_Travels-Srinagar_Srinagar_District_Kashmir_Jammu_and_Kashmir.html"
"Lake Tour & Travels","https://www.tripadvisor.com/Attraction_Review-g297623-d23142540-Reviews-Lake_Tour_Travels-Srinagar_Srinagar_District_Kashmir_Jammu_and_Kashmir.html"
"Premier tour and travels","https://www.tripadvisor.com/Attraction_Review-g297623-d17736692-Reviews-Premier_tour_and_travels-Srinagar_Srinagar_District_Kashmir_Jammu_and_Kashmir.html"
"Imminent India","https://www.tripadvisor.com/Attraction_Review-g297623-d26230259-Reviews-Imminent_India-Srinagar_Srinagar_District_Kashmir_Jammu_and_Kashmir.html"
"Kashmir Tourism","https://www.tripadvisor.com/Attraction_Review-g297623-d17333780-Reviews-Kashmir_Tourism-Srinagar_Srinagar_District_Kashmir_Jammu_and_Kashmir.html"
"Marsar Travels Kashmir","https://www.tripadvisor.com/Attraction_Review-g297623-d16815706-Reviews-Marsar_Travels_Kashmir-Srinagar_Srinagar_District_Kashmir_Jammu_and_Kashmir.html"
"Best Kashmir Tours","https://www.tripadvisor.com/Attraction_Review-g297623-d17689804-Reviews-Best_Kashmir_Tours-Srinagar_Srinagar_District_Kashmir_Jammu_and_Kashmir.html"
"The Holidaz Travel","https://www.tripadvisor.com/Attraction_Review-g297623-d16470870-Reviews-The_Holidaz_Travel-Srinagar_Srinagar_District_Kashmir_Jammu_and_Kashmir.html"
"Mandeha Journeys","https://www.tripadvisor.com/Attraction_Review-g297623-d26840575-Reviews-Mandeha_Journeys-Srinagar_Srinagar_District_Kashmir_Jammu_and_Kashmir.html"
"Kashmir Alps","https://www.tripadvisor.com/Attraction_Review-g297623-d23086369-Reviews-Kashmir_Alps-Srinagar_Srinagar_District_Kashmir_Jammu_and_Kashmir.html"
"kashmir Packages","https://www.tripadvisor.com/Attraction_Review-g297623-d17377303-Reviews-Kashmir_Packages-Srinagar_Srinagar_District_Kashmir_Jammu_and_Kashmir.html"
"book my kashmir trip","https://www.tripadvisor.com/Attraction_Review-g297623-d24996786-Reviews-Book_my_kashmir_trip-Srinagar_Srinagar_District_Kashmir_Jammu_and_Kashmir.html"
"SHIKARAA RIDE","https://www.tripadvisor.com/Attraction_Review-g297623-d23733857-Reviews-SHIKARAA_RIDE-Srinagar_Srinagar_District_Kashmir_Jammu_and_Kashmir.html"
"Cliffhangers India","https://www.tripadvisor.com/Attraction_Review-g297623-d23844567-Reviews-Cliffhangers_India-Srinagar_Srinagar_District_Kashmir_Jammu_and_Kashmir.html"
"Mihad Travels","https://www.tripadvisor.com/Attraction_Review-g297623-d24811283-Reviews-Mihad_Travels-Srinagar_Srinagar_District_Kashmir_Jammu_and_Kashmir.html"
"Royal Mazda Travels Kashmir","https://www.tripadvisor.com/Attraction_Review-g297623-d13818132-Reviews-Royal_Mazda_Travels_Kashmir-Srinagar_Srinagar_District_Kashmir_Jammu_and_Kashmir.html"
"Bilu.G Tour & Travels","https://www.tripadvisor.com/Attraction_Review-g297623-d21301097-Reviews-Bilu_G_Tour_Travels-Srinagar_Srinagar_District_Kashmir_Jammu_and_Kashmir.html"
"Axis Ventures Kashmir - travel, explore, celebrate","https://www.tripadvisor.com/Attraction_Review-g297623-d21285094-Reviews-Axis_Ventures_Kashmir_travel_explore_celebrate-Srinagar_Srinagar_District_Kashmi.html"
"Ohana Holidays","https://www.tripadvisor.com/Attraction_Review-g297623-d23293959-Reviews-Ohana_Holidays-Srinagar_Srinagar_District_Kashmir_Jammu_and_Kashmir.html"
"Venice of The East","https://www.tripadvisor.com/Attraction_Review-g297623-d15613447-Reviews-Venice_of_The_East-Srinagar_Srinagar_District_Kashmir_Jammu_and_Kashmir.html"
"Delhi Kashmir and Ladakh tours","https://www.tripadvisor.com/Attraction_Review-g297623-d17373961-Reviews-Delhi_Kashmir_and_Ladakh_tours-Srinagar_Srinagar_District_Kashmir_Jammu_and_Kash.html"
"Kashmir Tour Packages - CraftMyTrip","https://www.tripadvisor.com/Attraction_Review-g297623-d15231253-Reviews-Kashmir_Tour_Packages_CraftMyTrip-Srinagar_Srinagar_District_Kashmir_Jammu_and_K.html"
"Five Star Holidays","https://www.tripadvisor.com/Attraction_Review-g297623-d15647713-Reviews-Five_Star_Holidays-Srinagar_Srinagar_District_Kashmir_Jammu_and_Kashmir.html"
"PUREWAVE TOURS AND TRAVELS","https://www.tripadvisor.com/Attraction_Review-g297623-d25178996-Reviews-PUREWAVE_TOURS_AND_TRAVELS-Srinagar_Srinagar_District_Kashmir_Jammu_and_Kashmir.html"
"Escape The City (Self-Driven Car Rentals)","https://www.tripadvisor.com/Attraction_Review-g297623-d25294992-Reviews-Escape_The_City_Self_Driven_Car_Rentals-Srinagar_Srinagar_District_Kashmir_Jammu.html"
"Kashmer Tourism","https://www.tripadvisor.com/Attraction_Review-g297623-d20367010-Reviews-Kashmer_Tourism-Srinagar_Srinagar_District_Kashmir_Jammu_and_Kashmir.html"
"Holiday Tours and Travels","https://www.tripadvisor.com/Attraction_Review-g297623-d16185513-Reviews-Holiday_Tours_and_Travels-Srinagar_Srinagar_District_Kashmir_Jammu_and_Kashmir.html"
"Silk Route Holidays","https://www.tripadvisor.com/Attraction_Review-g297623-d15856529-Reviews-Silk_Route_Holidays-Srinagar_Srinagar_District_Kashmir_Jammu_and_Kashmir.html"
"Hello Ji Kashmir","https://www.tripadvisor.com/Attraction_Review-g297623-d23336269-Reviews-Hello_Ji_Kashmir-Srinagar_Srinagar_District_Kashmir_Jammu_and_Kashmir.html"
"Kashmir Car Rentals","https://www.tripadvisor.com/Attraction_Review-g297623-d26136022-Reviews-Kashmir_Car_Rentals-Srinagar_Srinagar_District_Kashmir_Jammu_and_Kashmir.html"
"Paradise Port","https://www.tripadvisor.com/Attraction_Review-g297623-d26660171-Reviews-Paradise_Port-Srinagar_Srinagar_District_Kashmir_Jammu_and_Kashmir.html"
"Kashmir Holiday Lab Tour  and Travels","https://www.tripadvisor.com/Attraction_Review-g297623-d24906431-Reviews-Kashmir_Holiday_Lab_Tour_and_Travels-Srinagar_Srinagar_District_Kashmir_Jammu_an.html"
"Guroo Travels","https://www.tripadvisor.com/Attraction_Review-g297623-d19611033-Reviews-Guroo_Travels-Srinagar_Srinagar_District_Kashmir_Jammu_and_Kashmir.html"
"Idbook hotels","https://www.tripadvisor.com/Attraction_Review-g297623-d23785377-Reviews-Idbook_hotels-Srinagar_Srinagar_District_Kashmir_Jammu_and_Kashmir.html"
"Kashmir taxi service","https://www.tripadvisor.com/Attraction_Review-g297623-d17591650-Reviews-Kashmir_taxi_service-Srinagar_Srinagar_District_Kashmir_Jammu_and_Kashmir.html"
"Luxury Kashmir Tour Packages","https://www.tripadvisor.com/Attraction_Review-g297623-d23196309-Reviews-Luxury_Kashmir_Tour_Packages-Srinagar_Srinagar_District_Kashmir_Jammu_and_Kashmi.html"
"R.A Holidays","https://www.tripadvisor.com/Attraction_Review-g297623-d26524598-Reviews-R_A_Holidays-Srinagar_Srinagar_District_Kashmir_Jammu_and_Kashmir.html"
"Kashmir Travelogue","https://www.tripadvisor.com/Attraction_Review-g297623-d16734782-Reviews-Kashmir_Travelogue-Srinagar_Srinagar_District_Kashmir_Jammu_and_Kashmir.html"
"Trippyigloo","https://www.tripadvisor.com/Attraction_Review-g297623-d16199059-Reviews-Trippyigloo-Srinagar_Srinagar_District_Kashmir_Jammu_and_Kashmir.html"
"Kashmir Online Store","https://www.tripadvisor.com/Attraction_Review-g297623-d19917217-Reviews-Kashmir_Online_Store-Srinagar_Srinagar_District_Kashmir_Jammu_and_Kashmir.html"
"Glory Trip","https://www.tripadvisor.com/Attraction_Review-g297623-d15611198-Reviews-Glory_Trip-Srinagar_Srinagar_District_Kashmir_Jammu_and_Kashmir.html"
"Best Kashmir tour package for family and Couples","https://www.tripadvisor.com/Attraction_Review-g297623-d25421601-Reviews-Best_Kashmir_tour_package_for_family_and_Couples-Srinagar_Srinagar_District_Kash.html"
"Shahid naseer","https://www.tripadvisor.com/Attraction_Review-g297623-d17737404-Reviews-Shahid_naseer-Srinagar_Srinagar_District_Kashmir_Jammu_and_Kashmir.html"
"Kohinoor Travel Plan","https://www.tripadvisor.com/Attraction_Review-g297623-d23104967-Reviews-Kohinoor_Travel_Plan-Srinagar_Srinagar_District_Kashmir_Jammu_and_Kashmir.html"
"Kashmir Cab Service - KCS","https://www.tripadvisor.com/Attraction_Review-g297623-d26264660-Reviews-Kashmir_Cab_Service_KCS-Srinagar_Srinagar_District_Kashmir_Jammu_and_Kashmir.html"
"Bilal Beigh","https://www.tripadvisor.com/Attraction_Review-g297623-d17592735-Reviews-Bilal_Beigh-Srinagar_Srinagar_District_Kashmir_Jammu_and_Kashmir.html"
"The Himalayan Trekking","https://www.tripadvisor.com/Attraction_Review-g297623-d20835934-Reviews-The_Himalayan_Trekking-Srinagar_Srinagar_District_Kashmir_Jammu_and_Kashmir.html"
"KASHMIR GLORY TOUR AND TRAVELS","https://www.tripadvisor.com/Attraction_Review-g297623-d23835938-Reviews-KASHMIR_GLORY_TOUR_AND_TRAVELS-Srinagar_Srinagar_District_Kashmir_Jammu_and_Kash.html"
"Cranberry Tour & Travels","https://www.tripadvisor.com/Attraction_Review-g297623-d25308431-Reviews-Cranberry_Tour_Travels-Srinagar_Srinagar_District_Kashmir_Jammu_and_Kashmir.html"
"MaknTour Travel","https://www.tripadvisor.com/Attraction_Review-g297623-d23327777-Reviews-MaknTour_Travel-Srinagar_Srinagar_District_Kashmir_Jammu_and_Kashmir.html"
"Poise Travel & Tourism","https://www.tripadvisor.com/Attraction_Review-g297623-d25554253-Reviews-Poise_Travel_Tourism-Srinagar_Srinagar_District_Kashmir_Jammu_and_Kashmir.html"
"Kashmir Doorway Holidays","https://www.tripadvisor.com/Attraction_Review-g297623-d26450991-Reviews-Kashmir_Doorway_Holidays-Srinagar_Srinagar_District_Kashmir_Jammu_and_Kashmir.html"
"Pride Of Holidays","https://www.tripadvisor.com/Attraction_Review-g297623-d16669284-Reviews-Pride_Of_Holidays-Srinagar_Srinagar_District_Kashmir_Jammu_and_Kashmir.html"
"Explore Himalayas","https://www.tripadvisor.com/Attraction_Review-g297623-d24035019-Reviews-Explore_Himalayas-Srinagar_Srinagar_District_Kashmir_Jammu_and_Kashmir.html"
"Kashmir Explore","https://www.tripadvisor.com/Attraction_Review-g297623-d15813417-Reviews-Kashmir_Explore-Srinagar_Srinagar_District_Kashmir_Jammu_and_Kashmir.html"
"Car Rental Srinagar","https://www.tripadvisor.com/Attraction_Review-g297623-d26590766-Reviews-Car_Rental_Srinagar-Srinagar_Srinagar_District_Kashmir_Jammu_and_Kashmir.html"
"Salman Bashir Baba","https://www.tripadvisor.com/Attraction_Review-g297623-d21260371-Reviews-Salman_Bashir_Baba-Srinagar_Srinagar_District_Kashmir_Jammu_and_Kashmir.html"
"Travel Around India","https://www.tripadvisor.com/Attraction_Review-g297623-d23377674-Reviews-Travel_Around_India-Srinagar_Srinagar_District_Kashmir_Jammu_and_Kashmir.html"
"Hire Cheap","https://www.tripadvisor.com/Attraction_Review-g297623-d20084668-Reviews-Hire_Cheap-Srinagar_Srinagar_District_Kashmir_Jammu_and_Kashmir.html"
"Trek The Pir Panchal","https://www.tripadvisor.com/Attraction_Review-g297623-d23733856-Reviews-Trek_The_Pir_Panchal-Srinagar_Srinagar_District_Kashmir_Jammu_and_Kashmir.html"
"Pinnacle Travels","https://www.tripadvisor.com/Attraction_Review-g297623-d24526521-Reviews-Pinnacle_Travels-Srinagar_Srinagar_District_Kashmir_Jammu_and_Kashmir.html"
"Fortune Holidays","https://www.tripadvisor.com/Attraction_Review-g297623-d25178270-Reviews-Fortune_Holidays-Srinagar_Srinagar_District_Kashmir_Jammu_and_Kashmir.html"
"Kashmir Tours","https://www.tripadvisor.com/Attraction_Review-g297623-d25569115-Reviews-Kashmir_Tours-Srinagar_Srinagar_District_Kashmir_Jammu_and_Kashmir.html"
"KashmireX - Travel Agency & Kashmir Car Rental","https://www.tripadvisor.com/Attraction_Review-g297623-d26874661-Reviews-KashmireX_Travel_Agency_Kashmir_Car_Rental-Srinagar_Srinagar_District_Kashmir_Ja.html"
"Top Class Holidays","https://www.tripadvisor.com/Attraction_Review-g297623-d23179524-Reviews-Top_Class_Holidays-Srinagar_Srinagar_District_Kashmir_Jammu_and_Kashmir.html"
"KashmirTourismPackages","https://www.tripadvisor.com/Attraction_Review-g297623-d17782536-Reviews-KashmirTourismPackages-Srinagar_Srinagar_District_Kashmir_Jammu_and_Kashmir.html"
"Unseen kashmir","https://www.tripadvisor.com/Attraction_Review-g297623-d17801918-Reviews-Unseen_kashmir-Srinagar_Srinagar_District_Kashmir_Jammu_and_Kashmir.html"
"The Holidaz Travel","https://www.tripadvisor.com/Attraction_Review-g297623-d16470868-Reviews-The_Holidaz_Travel-Srinagar_Srinagar_District_Kashmir_Jammu_and_Kashmir.html"
"Wayback","https://www.tripadvisor.com/Attraction_Review-g297623-d21291494-Reviews-Wayback-Srinagar_Srinagar_District_Kashmir_Jammu_and_Kashmir.html"
"Safal Holidays","https://www.tripadvisor.com/Attraction_Review-g297623-d20211807-Reviews-Safal_Holidays-Srinagar_Srinagar_District_Kashmir_Jammu_and_Kashmir.html"
"Total Trip Holidays","https://www.tripadvisor.com/Attraction_Review-g297623-d23997108-Reviews-Total_Trip_Holidays-Srinagar_Srinagar_District_Kashmir_Jammu_and_Kashmir.html"
"High Adventure Kashmir","https://www.tripadvisor.com/Attraction_Review-g297623-d15646147-Reviews-High_Adventure_Kashmir-Srinagar_Srinagar_District_Kashmir_Jammu_and_Kashmir.html"
"5-Day  Kashmir Valley  Tour from Srinagar","https://www.tripadvisor.com/Attraction_Review-g297623-d19894967-Reviews-5_Day_Kashmir_Valley_Tour_from_Srinagar-Srinagar_Srinagar_District_Kashmir_Jammu.html"
"KASHMIR BEAUTY TOUR & TRAVEL","https://www.tripadvisor.com/Attraction_Review-g297623-d23775539-Reviews-KASHMIR_BEAUTY_TOUR_TRAVEL-Srinagar_Srinagar_District_Kashmir_Jammu_and_Kashmir.html"
"Ovation Tours","https://www.tripadvisor.com/Attraction_Review-g297623-d24909379-Reviews-Ovation_Tours-Srinagar_Srinagar_District_Kashmir_Jammu_and_Kashmir.html"
"ClimbKashmir Treks and Tours","https://www.tripadvisor.com/Attraction_Review-g297623-d25306358-Reviews-ClimbKashmir_Treks_and_Tours-Srinagar_Srinagar_District_Kashmir_Jammu_and_Kashmi.html"
"Kashmir Raji Travels","https://www.tripadvisor.com/Attraction_Review-g297623-d17328591-Reviews-Kashmir_Raji_Travels-Srinagar_Srinagar_District_Kashmir_Jammu_and_Kashmir.html"
"Kashmir Sightseeing","https://www.tripadvisor.com/Attraction_Review-g297623-d15666076-Reviews-Kashmir_Sightseeing-Srinagar_Srinagar_District_Kashmir_Jammu_and_Kashmir.html"
"hike the trails adventure","https://www.tripadvisor.com/Attraction_Review-g297623-d26266720-Reviews-Hike_the_trails_adventure-Srinagar_Srinagar_District_Kashmir_Jammu_and_Kashmir.html"
"Kashmir Travel Links","https://www.tripadvisor.com/Attraction_Review-g297623-d23993555-Reviews-Kashmir_Travel_Links-Srinagar_Srinagar_District_Kashmir_Jammu_and_Kashmir.html"
"Plan2Paradise","https://www.tripadvisor.com/Attraction_Review-g297623-d23461010-Reviews-Plan2Paradise-Srinagar_Srinagar_District_Kashmir_Jammu_and_Kashmir.html"
"India Incredible Holiday Travels","https://www.tripadvisor.com/Attraction_Review-g297623-d26163998-Reviews-India_Incredible_Holiday_Travels-Srinagar_Srinagar_District_Kashmir_Jammu_and_Ka.html"
"Top Kashmir tour and travels","https://www.tripadvisor.com/Attraction_Review-g297623-d26837403-Reviews-Top_Kashmir_tour_and_travels-Srinagar_Srinagar_District_Kashmir_Jammu_and_Kashmi.html"
"Kashmir Houseboats, Kashmir Tours, Kashmir Holiday Packages","https://www.tripadvisor.com/Attraction_Review-g297623-d24116217-Reviews-Kashmir_Houseboats_Kashmir_Tours_Kashmir_Holiday_Packages-Srinagar_Srinagar_Dist.html"
"Kashmir Holiday Vacation Travel","https://www.tripadvisor.com/Attraction_Review-g297623-d23061410-Reviews-Kashmir_Holiday_Vacation_Travel-Srinagar_Srinagar_District_Kashmir_Jammu_and_Kas.html"
"Lilac Moments","https://www.tripadvisor.com/Attraction_Review-g297623-d26457534-Reviews-Lilac_Moments-Srinagar_Srinagar_District_Kashmir_Jammu_and_Kashmir.html"
"Gallivanters Depart Tour & Travels","https://www.tripadvisor.com/Attraction_Review-g297623-d26999434-Reviews-Gallivanters_Depart_Tour_Travels-Srinagar_Srinagar_District_Kashmir_Jammu_and_Ka.html"
"Dial Us Back Travels","https://www.tripadvisor.com/Attraction_Review-g297623-d24922899-Reviews-Dial_Us_Back_Travels-Srinagar_Srinagar_District_Kashmir_Jammu_and_Kashmir.html"
"Yo Kashmir Tour and Travels","https://www.tripadvisor.com/Attraction_Review-g297623-d26450378-Reviews-Yo_Kashmir_Tour_and_Travels-Srinagar_Srinagar_District_Kashmir_Jammu_and_Kashmir.html"
"Heaven Earth Tour and Travels","https://www.tripadvisor.com/Attraction_Review-g297623-d25237976-Reviews-Heaven_Earth_Tour_and_Travels-Srinagar_Srinagar_District_Kashmir_Jammu_and_Kashm.html"
"Kashmir","https://www.tripadvisor.com/Attraction_Review-g297623-d23206793-Reviews-Kashmir-Srinagar_Srinagar_District_Kashmir_Jammu_and_Kashmir.html"
"KTH TRAVEL CO LTD","https://www.tripadvisor.com/Attraction_Review-g297623-d23324404-Reviews-KTH_TRAVEL_CO_LTD-Srinagar_Srinagar_District_Kashmir_Jammu_and_Kashmir.html"
"TRAVEES INDIA","https://www.tripadvisor.com/Attraction_Review-g297623-d23465257-Reviews-TRAVEES_INDIA-Srinagar_Srinagar_District_Kashmir_Jammu_and_Kashmir.html"
"Montage Holidays","https://www.tripadvisor.com/Attraction_Review-g297623-d24139354-Reviews-Montage_Holidays-Srinagar_Srinagar_District_Kashmir_Jammu_and_Kashmir.html"
"Travel Clan","https://www.tripadvisor.com/Attraction_Review-g297623-d25261069-Reviews-Travel_Clan-Srinagar_Srinagar_District_Kashmir_Jammu_and_Kashmir.html"
"Enlight Kashmir Travels","https://www.tripadvisor.com/Attraction_Review-g297623-d25891037-Reviews-Enlight_Kashmir_Travels-Srinagar_Srinagar_District_Kashmir_Jammu_and_Kashmir.html"
"Asif Iqbal","https://www.tripadvisor.com/Attraction_Review-g297623-d17584738-Reviews-Asif_Iqbal-Srinagar_Srinagar_District_Kashmir_Jammu_and_Kashmir.html"
"HIJAZI Travels","https://www.tripadvisor.com/Attraction_Review-g297623-d20961510-Reviews-HIJAZI_Travels-Srinagar_Srinagar_District_Kashmir_Jammu_and_Kashmir.html"
"North Crag","https://www.tripadvisor.com/Attraction_Review-g297623-d24045792-Reviews-North_Crag-Srinagar_Srinagar_District_Kashmir_Jammu_and_Kashmir.html"
"Opatrip.com Srinagar","https://www.tripadvisor.com/Attraction_Review-g297623-d25396215-Reviews-Opatrip_com_Srinagar-Srinagar_Srinagar_District_Kashmir_Jammu_and_Kashmir.html"
"Multidestinations Worldwide Tour & Travels","https://www.tripadvisor.com/Attraction_Review-g297623-d23043728-Reviews-Multidestinations_Worldwide_Tour_Travels-Srinagar_Srinagar_District_Kashmir_Jamm.html"
"Tour To Paradise","https://www.tripadvisor.com/Attraction_Review-g297623-d24062102-Reviews-Tour_To_Paradise-Srinagar_Srinagar_District_Kashmir_Jammu_and_Kashmir.html"
"Travelasia","https://www.tripadvisor.com/Attraction_Review-g297623-d27164450-Reviews-Travelasia-Srinagar_Srinagar_District_Kashmir_Jammu_and_Kashmir.html"
"HeeRay Shines","https://www.tripadvisor.com/Attraction_Review-g297623-d27140167-Reviews-HeeRay_Shines-Srinagar_Srinagar_District_Kashmir_Jammu_and_Kashmir.html"
"Offbeat Kashmir Tour Package","https://www.tripadvisor.com/Attraction_Review-g297623-d26496263-Reviews-Offbeat_Kashmir_Tour_Package-Srinagar_Srinagar_District_Kashmir_Jammu_and_Kashmi.html"
"Lalwani tour and travels","https://www.tripadvisor.com/Attraction_Review-g297623-d26431166-Reviews-Lalwani_tour_and_travels-Srinagar_Srinagar_District_Kashmir_Jammu_and_Kashmir.html"
"Hilal","https://www.tripadvisor.com/Attraction_Review-g297623-d26322573-Reviews-Hilal-Srinagar_Srinagar_District_Kashmir_Jammu_and_Kashmir.html"
"Kashmir Valley Travels","https://www.tripadvisor.com/Attraction_Review-g297623-d25356922-Reviews-Kashmir_Valley_Travels-Srinagar_Srinagar_District_Kashmir_Jammu_and_Kashmir.html"
"Tourist car accommodation","https://www.tripadvisor.com/Attraction_Review-g297623-d26805822-Reviews-Tourist_car_accommodation-Srinagar_Srinagar_District_Kashmir_Jammu_and_Kashmir.html"
"Enayat beigh","https://www.tripadvisor.com/Attraction_Review-g297623-d26876053-Reviews-Enayat_beigh-Srinagar_Srinagar_District_Kashmir_Jammu_and_Kashmir.html"
"Tour Planner Kashmir","https://www.tripadvisor.com/Attraction_Review-g297623-d25015032-Reviews-Tour_Planner_Kashmir-Srinagar_Srinagar_District_Kashmir_Jammu_and_Kashmir.html"
"Tranquil Explorer Travels","https://www.tripadvisor.com/Attraction_Review-g297623-d26396363-Reviews-Tranquil_Explorer_Travels-Srinagar_Srinagar_District_Kashmir_Jammu_and_Kashmir.html"
"Different Doors tour and travels","https://www.tripadvisor.com/Attraction_Review-g297623-d27103099-Reviews-Different_Doors_tour_and_travels-Srinagar_Srinagar_District_Kashmir_Jammu_and_Ka.html"
"Liyana Holidays","https://www.tripadvisor.com/Attraction_Review-g297623-d26286059-Reviews-Liyana_Holidays-Srinagar_Srinagar_District_Kashmir_Jammu_and_Kashmir.html"
"HillMaster - Tour & Taxi","https://www.tripadvisor.com/Attraction_Review-g297623-d27157745-Reviews-HillMaster_Tour_Taxi-Srinagar_Srinagar_District_Kashmir_Jammu_and_Kashmir.html"
"Travel Arc","https://www.tripadvisor.com/Attraction_Review-g297623-d26145723-Reviews-Travel_Arc-Srinagar_Srinagar_District_Kashmir_Jammu_and_Kashmir.html"
"ZiyaTrip Holidays","https://www.tripadvisor.com/Attraction_Review-g297623-d27166297-Reviews-ZiyaTrip_Holidays-Srinagar_Srinagar_District_Kashmir_Jammu_and_Kashmir.html"
"Tripees","https://www.tripadvisor.com/Attraction_Review-g297623-d27106990-Reviews-Tripees-Srinagar_Srinagar_District_Kashmir_Jammu_and_Kashmir.html"
"Danraa Holidays Journey By Danraa","https://www.tripadvisor.com/Attraction_Review-g297623-d27181658-Reviews-Danraa_Holidays_Journey_By_Danraa-Srinagar_Srinagar_District_Kashmir_Jammu_and_K.html"
"TourOxy","https://www.tripadvisor.com/Attraction_Review-g297623-d27146888-Reviews-TourOxy-Srinagar_Srinagar_District_Kashmir_Jammu_and_Kashmir.html"
"Danraa Holidays Journey By Danraa","https://www.tripadvisor.com/Attraction_Review-g297623-d27181576-Reviews-Danraa_Holidays_Journey_By_Danraa-Srinagar_Srinagar_District_Kashmir_Jammu_and_K.html"
"Barik Tour & Travels","https://www.tripadvisor.com/Attraction_Review-g297623-d26806237-Reviews-Barik_Tour_Travels-Srinagar_Srinagar_District_Kashmir_Jammu_and_Kashmir.html"
"Allure Kash Tours and Travels","https://www.tripadvisor.com/Attraction_Review-g297623-d26704159-Reviews-Allure_Kash_Tours_and_Travels-Srinagar_Srinagar_District_Kashmir_Jammu_and_Kashm.html"
"Tale Of Heavens Tour And Travels","https://www.tripadvisor.com/Attraction_Review-g297623-d27419049-Reviews-Tale_Of_Heavens_Tour_And_Travels-Srinagar_Srinagar_District_Kashmir_Jammu_and_Ka.html"
"Velocity Kashmir Tour & Travels","https://www.tripadvisor.com/Attraction_Review-g297623-d27416504-Reviews-Velocity_Kashmir_Tour_Travels-Srinagar_Srinagar_District_Kashmir_Jammu_and_Kashm.html"
